Date,Close
2015-11-02,0.7632
2015-11-03,0.7652
2015-11-04,0.7601
2015-11-05,0.7591
2015-11-06,0.7515
2015-11-09,0.7529
2015-11-10,0.753
2015-11-11,0.7541
2015-11-12,0.7522
2015-11-13,0.7502
2015-11-16,0.7495
2015-11-17,0.7508
2015-11-18,0.751
2015-11-19,0.752
2015-11-20,0.7491
2015-11-23,0.7482
2015-11-24,0.7515
2015-11-25,0.7522
2015-11-26,0.7518
2015-11-27,0.7478
2015-11-30,0.7492
2015-12-01,0.7484
2015-12-02,0.7488
2015-12-03,0.7489
2015-12-04,0.7481
2015-12-07,0.74
2015-12-08,0.7361
2015-12-09,0.7369
2015-12-10,0.7332
2015-12-11,0.7268
2015-12-14,0.7286
2015-12-15,0.7275
2015-12-16,0.7255
2015-12-17,0.7174
2015-12-18,0.7163
2015-12-21,0.716
2015-12-22,0.7181
2015-12-23,0.7215
2015-12-24,0.7224
2015-12-25,0.7229
2015-12-28,0.7192
2015-12-29,0.7223
2015-12-30,0.7199
2015-12-31,0.7223
2016-01-01,0.7226
2016-01-04,0.7178
2016-01-05,0.715
2016-01-06,0.7101
2016-01-07,0.708
2016-01-08,0.7054
2016-01-11,0.7033
2016-01-12,0.7005
2016-01-13,0.697
2016-01-14,0.6965
2016-01-15,0.6878
2016-01-18,0.6872
2016-01-19,0.6861
2016-01-20,0.6887
2016-01-21,0.7007
2016-01-22,0.7081
2016-01-25,0.6995
2016-01-26,0.708
2016-01-27,0.7094
2016-01-28,0.7123
2016-01-29,0.716
2016-02-01,0.7166
2016-02-02,0.7117
2016-02-03,0.7249
2016-02-04,0.7268
2016-02-05,0.7191
2016-02-08,0.7176
2016-02-09,0.7205
2016-02-10,0.7177
2016-02-11,0.7184
2016-02-12,0.7214
2016-02-15,0.7227
2016-02-16,0.7206
2016-02-17,0.7304
2016-02-18,0.7282
2016-02-19,0.7266
2016-02-22,0.7292
2016-02-23,0.7251
2016-02-24,0.7296
2016-02-25,0.7383
2016-02-26,0.7403
2016-02-29,0.7387
2016-03-01,0.7449
2016-03-02,0.7445
2016-03-03,0.7452
2016-03-04,0.7514
2016-03-07,0.7522
2016-03-08,0.7449
2016-03-09,0.7544
2016-03-10,0.7496
2016-03-11,0.7572
2016-03-14,0.7535
2016-03-15,0.7489
2016-03-16,0.7615
2016-03-17,0.7698
2016-03-18,0.7685
2016-03-21,0.7634
2016-03-22,0.7657
2016-03-23,0.7566
2016-03-24,0.7548
2016-03-25,0.7538
2016-03-28,0.7584
2016-03-29,0.765
2016-03-30,0.7708
2016-03-31,0.77
2016-04-01,0.769
2016-04-04,0.7646
2016-04-05,0.7608
2016-04-06,0.7637
2016-04-07,0.7604
2016-04-08,0.7704
2016-04-11,0.7747
2016-04-12,0.7826
2016-04-13,0.782
2016-04-14,0.7789
2016-04-15,0.7777
2016-04-18,0.7815
2016-04-19,0.7877
2016-04-20,0.7901
2016-04-21,0.7857
2016-04-22,0.7896
2016-04-25,0.7883
2016-04-26,0.7932
2016-04-27,0.7942
2016-04-28,0.7964
2016-04-29,0.7968
2016-05-02,0.7978
2016-05-03,0.7864
2016-05-04,0.7773
2016-05-05,0.7776
2016-05-06,0.7748
2016-05-09,0.7716
2016-05-10,0.7739
2016-05-11,0.7775
2016-05-12,0.7782
2016-05-13,0.7731
2016-05-16,0.7749
2016-05-17,0.7744
2016-05-18,0.7681
2016-05-19,0.7639
2016-05-20,0.763
2016-05-23,0.7608
2016-05-24,0.7618
2016-05-25,0.7672
2016-05-26,0.7703
2016-05-27,0.7679
2016-05-30,0.766
2016-05-31,0.7639
2016-06-01,0.7647
2016-06-02,0.763
2016-06-03,0.7732
2016-06-06,0.7798
2016-06-07,0.7836
2016-06-08,0.7877
2016-06-09,0.7857
2016-06-10,0.7828
2016-06-13,0.7796
2016-06-14,0.7767
2016-06-15,0.7746
2016-06-16,0.7718
2016-06-17,0.7758
2016-06-20,0.7808
2016-06-21,0.7808
2016-06-22,0.7805
2016-06-23,0.7824
2016-06-24,0.7695
2016-06-27,0.7645
2016-06-28,0.7677
2016-06-29,0.7723
2016-06-30,0.7718
2016-07-01,0.7752
2016-07-04,0.7778
2016-07-05,0.7691
2016-07-06,0.7714
2016-07-07,0.7685
2016-07-08,0.7672
2016-07-11,0.7624
2016-07-12,0.7664
2016-07-13,0.7702
2016-07-14,0.7752
2016-07-15,0.7711
2016-07-18,0.7716
2016-07-19,0.7674
2016-07-20,0.7647
2016-07-21,0.7642
2016-07-22,0.7618
2016-07-25,0.7565
2016-07-26,0.7589
2016-07-27,0.7586
2016-07-28,0.76
2016-07-29,0.7674
2016-08-01,0.7618
2016-08-02,0.7628
2016-08-03,0.7647
2016-08-04,0.7676
2016-08-05,0.7586
2016-08-08,0.7592
2016-08-09,0.762
2016-08-10,0.766
2016-08-11,0.7702
2016-08-12,0.7712
2016-08-15,0.7736
2016-08-16,0.7775
2016-08-17,0.7783
2016-08-18,0.7825
2016-08-19,0.7774
2016-08-22,0.7725
2016-08-23,0.7737
2016-08-24,0.7733
2016-08-25,0.774
2016-08-26,0.7696
2016-08-29,0.7681
2016-08-30,0.7634
2016-08-31,0.7628
2016-09-01,0.7632
2016-09-02,0.7701
2016-09-05,0.7728
2016-09-06,0.7777
2016-09-07,0.7763
2016-09-08,0.7731
2016-09-09,0.7672
2016-09-12,0.7667
2016-09-13,0.7596
2016-09-14,0.7574
2016-09-15,0.7603
2016-09-16,0.7571
2016-09-19,0.7574
2016-09-20,0.7582
2016-09-21,0.7641
2016-09-22,0.7665
2016-09-23,0.7599
2016-09-26,0.756
2016-09-27,0.7574
2016-09-28,0.7651
2016-09-29,0.7605
2016-09-30,0.7618
2016-10-03,0.7624
2016-10-04,0.758
2016-10-05,0.7582
2016-10-06,0.7558
2016-10-07,0.7524
2016-10-10,0.7591
2016-10-11,0.7554
2016-10-12,0.7532
2016-10-13,0.7575
2016-10-14,0.7607
2016-10-17,0.7617
2016-10-18,0.7626
2016-10-19,0.7616
2016-10-20,0.7558
2016-10-21,0.7501
2016-10-24,0.7491
2016-10-25,0.7488
2016-10-26,0.7469
2016-10-27,0.7464
2016-10-28,0.7475
2016-10-31,0.7454
2016-11-01,0.7468
2016-11-02,0.7466
2016-11-03,0.746
2016-11-04,0.7463
2016-11-07,0.7477
2016-11-08,0.7522
2016-11-09,0.7454
2016-11-10,0.7422
2016-11-11,0.7388
2016-11-14,0.738
2016-11-15,0.743
2016-11-16,0.744
2016-11-17,0.7392
2016-11-18,0.7407
2016-11-21,0.7449
2016-11-22,0.744
2016-11-23,0.7407
2016-11-24,0.7411
2016-11-25,0.7396
2016-11-28,0.7455
2016-11-29,0.7439
2016-11-30,0.7442
2016-12-01,0.7509
2016-12-02,0.7526
2016-12-05,0.7531
2016-12-06,0.753
2016-12-07,0.7558
2016-12-08,0.7575
2016-12-09,0.7591
2016-12-12,0.7614
2016-12-13,0.7611
2016-12-14,0.7528
2016-12-15,0.7497
2016-12-16,0.7495
2016-12-19,0.7457
2016-12-20,0.7481
2016-12-21,0.7438
2016-12-22,0.7413
2016-12-23,0.7384
2016-12-26,0.7398
2016-12-27,0.736
2016-12-28,0.7375
2016-12-29,0.7402
2016-12-30,0.7441
2017-01-02,0.7433
2017-01-03,0.7446
2017-01-04,0.7515
2017-01-05,0.7556
2017-01-06,0.7556
2017-01-09,0.756
2017-01-10,0.7554
2017-01-11,0.7584
2017-01-12,0.7604
2017-01-13,0.7622
2017-01-16,0.7582
2017-01-17,0.766
2017-01-18,0.7536
2017-01-19,0.7504
2017-01-20,0.7498
2017-01-23,0.7561
2017-01-24,0.7595
2017-01-25,0.765
2017-01-26,0.7636
2017-01-27,0.7606
2017-01-30,0.7623
2017-01-31,0.7666
2017-02-01,0.7665
2017-02-02,0.7672
2017-02-03,0.768
2017-02-06,0.7645
2017-02-07,0.7583
2017-02-08,0.7607
2017-02-09,0.7607
2017-02-10,0.7647
2017-02-13,0.7645
2017-02-14,0.7646
2017-02-15,0.7645
2017-02-16,0.7649
2017-02-17,0.764
2017-02-20,0.7627
2017-02-21,0.7604
2017-02-22,0.7596
2017-02-23,0.7627
2017-02-24,0.764
2017-02-27,0.7581
2017-02-28,0.7507
2017-03-01,0.7498
2017-03-02,0.7464
2017-03-03,0.7479
2017-03-06,0.7453
2017-03-07,0.7454
2017-03-08,0.7409
2017-03-09,0.74
2017-03-10,0.7428
2017-03-13,0.743
2017-03-14,0.7413
2017-03-15,0.7517
2017-03-16,0.7504
2017-03-17,0.7482
2017-03-20,0.7494
2017-03-21,0.7487
2017-03-22,0.7498
2017-03-23,0.7483
2017-03-24,0.7478
2017-03-27,0.7471
2017-03-28,0.7471
2017-03-29,0.7496
2017-03-30,0.7493
2017-03-31,0.7511
2017-04-03,0.7469
2017-04-04,0.7462
2017-04-05,0.7443
2017-04-06,0.745
2017-04-07,0.7463
2017-04-10,0.7504
2017-04-11,0.7501
2017-04-12,0.7546
2017-04-13,0.7498
2017-04-14,0.7507
2017-04-17,0.7502
2017-04-18,0.747
2017-04-19,0.7417
2017-04-20,0.7424
2017-04-21,0.7411
2017-04-24,0.7396
2017-04-25,0.7366
2017-04-26,0.7342
2017-04-27,0.733
2017-04-28,0.7322
2017-05-01,0.7311
2017-05-02,0.7294
2017-05-03,0.7281
2017-05-04,0.727
2017-05-05,0.7327
2017-05-08,0.7299
2017-05-09,0.7294
2017-05-10,0.731
2017-05-11,0.7295
2017-05-12,0.7294
2017-05-15,0.7335
2017-05-16,0.7345
2017-05-17,0.7359
2017-05-18,0.7346
2017-05-19,0.7395
2017-05-22,0.7406
2017-05-23,0.7397
2017-05-24,0.7455
2017-05-25,0.7414
2017-05-26,0.7437
2017-05-29,0.7422
2017-05-30,0.7421
2017-05-31,0.7408
2017-06-01,0.74
2017-06-02,0.7405
2017-06-05,0.7418
2017-06-06,0.7431
2017-06-07,0.7398
2017-06-08,0.7399
2017-06-09,0.7426
2017-06-12,0.7506
2017-06-13,0.7552
2017-06-14,0.7554
2017-06-15,0.7542
2017-06-16,0.7564
2017-06-19,0.7559
2017-06-20,0.7533
2017-06-21,0.75
2017-06-22,0.7554
2017-06-23,0.7542
2017-06-26,0.754
2017-06-27,0.7589
2017-06-28,0.7668
2017-06-29,0.7693
2017-06-30,0.7715
2017-07-03,0.7688
2017-07-04,0.7728
2017-07-05,0.7716
2017-07-06,0.7704
2017-07-07,0.7769
2017-07-10,0.7756
2017-07-11,0.7741
2017-07-12,0.7837
2017-07-13,0.7852
2017-07-14,0.7909
2017-07-17,0.7873
2017-07-18,0.7914
2017-07-19,0.7932
2017-07-20,0.7937
2017-07-21,0.7977
2017-07-24,0.7991
2017-07-25,0.7988
2017-07-26,0.8031
2017-07-27,0.7966
2017-07-28,0.8046
2017-07-31,0.7999
2017-08-01,0.7966
2017-08-02,0.7954
2017-08-03,0.7952
2017-08-04,0.7908
2017-08-07,0.7885
2017-08-08,0.7891
2017-08-09,0.7875
2017-08-10,0.7847
2017-08-11,0.7893
2017-08-14,0.7857
2017-08-15,0.7838
2017-08-16,0.7915
2017-08-17,0.7884
2017-08-18,0.7946
2017-08-21,0.7959
2017-08-22,0.7952
2017-08-23,0.7968
2017-08-24,0.7986
2017-08-25,0.8018
2017-08-28,0.7985
2017-08-29,0.7991
2017-08-30,0.792
2017-08-31,0.801
2017-09-01,0.807
2017-09-04,0.8055
2017-09-05,0.8083
2017-09-06,0.8169
2017-09-07,0.8248
2017-09-08,0.8229
2017-09-11,0.8263
2017-09-12,0.8209
2017-09-13,0.8217
2017-09-14,0.8221
2017-09-15,0.8207
2017-09-18,0.8139
2017-09-19,0.8134
2017-09-20,0.8108
2017-09-21,0.8109
2017-09-22,0.811
2017-09-25,0.8081
2017-09-26,0.8088
2017-09-27,0.801
2017-09-28,0.8041
2017-09-29,0.8022
2017-10-02,0.7989
2017-10-03,0.8004
2017-10-04,0.801
2017-10-05,0.7955
2017-10-06,0.7985
2017-10-09,0.7963
2017-10-10,0.7988
2017-10-11,0.8027
2017-10-12,0.8016
2017-10-13,0.8027
2017-10-16,0.7986
2017-10-17,0.7988
2017-10-18,0.8021
2017-10-19,0.8009
2017-10-20,0.7922
2017-10-23,0.7907
2017-10-24,0.789
2017-10-25,0.7809
2017-10-26,0.7775
2017-10-27,0.7808
2017-10-30,0.7791
2017-10-31,0.7751
2017-11-01,0.7765
2017-11-02,0.7801
2017-11-03,0.7837
2017-11-06,0.7861
2017-11-07,0.783
2017-11-08,0.7854
2017-11-09,0.7883
2017-11-10,0.7879
2017-11-13,0.785
2017-11-14,0.785
2017-11-15,0.783
2017-11-16,0.7839
2017-11-17,0.7836
2017-11-20,0.7804
2017-11-21,0.7821
2017-11-22,0.7869
2017-11-23,0.786
2017-11-24,0.7862
2017-11-27,0.7834
2017-11-28,0.7803
2017-11-29,0.7767
2017-11-30,0.7752
2017-12-01,0.7882
2017-12-04,0.788
2017-12-05,0.7876
2017-12-06,0.7816
2017-12-07,0.7778
2017-12-08,0.7781
2017-12-11,0.7776
2017-12-12,0.7764
2017-12-13,0.7798
2017-12-14,0.781
2017-12-15,0.7771
2017-12-18,0.7772
2017-12-19,0.7763
2017-12-20,0.7791
2017-12-21,0.7849
2017-12-22,0.7862
2017-12-25,0.7858
2017-12-26,0.788
2017-12-27,0.7897
2017-12-28,0.7954
2017-12-29,0.7944
2018-01-01,0.7964
2018-01-02,0.7986
2018-01-03,0.7972
2018-01-04,0.8004
2018-01-05,0.8059
2018-01-08,0.8049
2018-01-09,0.8019
2018-01-10,0.797
2018-01-11,0.7985
2018-01-12,0.8022
2018-01-15,0.8045
2018-01-16,0.8039
2018-01-17,0.8028
2018-01-18,0.8056
2018-01-19,0.8006
2018-01-22,0.8032
2018-01-23,0.8043
2018-01-24,0.8098
2018-01-25,0.807
2018-01-26,0.8127
2018-01-29,0.8101
2018-01-30,0.8104
2018-01-31,0.8123
2018-02-01,0.8147
2018-02-02,0.8052
2018-02-05,0.7977
2018-02-06,0.8001
2018-02-07,0.795
2018-02-08,0.7933
2018-02-09,0.7946
2018-02-12,0.794
2018-02-13,0.7936
2018-02-14,0.8002
2018-02-15,0.8007
2018-02-16,0.7963
2018-02-19,0.7956
2018-02-20,0.7903
2018-02-21,0.7873
2018-02-22,0.787
2018-02-23,0.7921
2018-02-26,0.7884
2018-02-27,0.7828
2018-02-28,0.7791
2018-03-01,0.7792
2018-03-02,0.7759
2018-03-05,0.7706
2018-03-06,0.7739
2018-03-07,0.7744
2018-03-08,0.7756
2018-03-09,0.78
2018-03-12,0.7784
2018-03-13,0.7717
2018-03-14,0.7717
2018-03-15,0.7657
2018-03-16,0.7632
2018-03-19,0.7643
2018-03-20,0.7645
2018-03-21,0.7752
2018-03-22,0.7732
2018-03-23,0.7752
2018-03-26,0.7779
2018-03-27,0.7761
2018-03-28,0.7735
2018-03-29,0.7756
2018-03-30,0.7752
2018-04-02,0.774
2018-04-03,0.7812
2018-04-04,0.7833
2018-04-05,0.7829
2018-04-06,0.7819
2018-04-09,0.7869
2018-04-10,0.7936
2018-04-11,0.7948
2018-04-12,0.7942
2018-04-13,0.7927
2018-04-16,0.7955
2018-04-17,0.7963
2018-04-18,0.7915
2018-04-19,0.7891
2018-04-20,0.7831
2018-04-23,0.7784
2018-04-24,0.7792
2018-04-25,0.7788
2018-04-26,0.7763
2018-04-27,0.7793
2018-04-30,0.7789
2018-05-01,0.7782
2018-05-02,0.7765
2018-05-03,0.778
2018-05-04,0.778
2018-05-07,0.7758
2018-05-08,0.7718
2018-05-09,0.7778
2018-05-10,0.7831
2018-05-11,0.7811
2018-05-14,0.7809
2018-05-15,0.7765
2018-05-16,0.7822
2018-05-17,0.7795
2018-05-18,0.7759
2018-05-21,0.7824
2018-05-22,0.78
2018-05-23,0.7784
2018-05-24,0.7763
2018-05-25,0.7704
2018-05-28,0.7693
2018-05-29,0.7678
2018-05-30,0.7757
2018-05-31,0.7726
2018-06-01,0.7716
2018-06-04,0.7734
2018-06-05,0.771
2018-06-06,0.7725
2018-06-07,0.7706
2018-06-08,0.7733
2018-06-11,0.7699
2018-06-12,0.7677
2018-06-13,0.7705
2018-06-14,0.7628
2018-06-15,0.7569
2018-06-18,0.7572
2018-06-19,0.7526
2018-06-20,0.7511
2018-06-21,0.7509
2018-06-22,0.7531
2018-06-25,0.7522
2018-06-26,0.7512
2018-06-27,0.7498
2018-06-28,0.7542
2018-06-29,0.7606
2018-07-02,0.7582
2018-07-03,0.7606
2018-07-04,0.7605
2018-07-05,0.7609
2018-07-06,0.7639
2018-07-09,0.7623
2018-07-10,0.7609
2018-07-11,0.7567
2018-07-12,0.759
2018-07-13,0.7595
2018-07-16,0.7611
2018-07-17,0.7572
2018-07-18,0.7591
2018-07-19,0.7536
2018-07-20,0.7601
2018-07-23,0.7591
2018-07-24,0.7598
2018-07-25,0.7664
2018-07-26,0.7647
2018-07-27,0.7656
2018-07-30,0.7673
2018-07-31,0.7678
2018-08-01,0.7691
2018-08-02,0.7678
2018-08-03,0.7693
2018-08-06,0.7685
2018-08-07,0.7655
2018-08-08,0.7679
2018-08-09,0.7656
2018-08-10,0.7604
2018-08-13,0.7613
2018-08-14,0.766
2018-08-15,0.7608
2018-08-16,0.7598
2018-08-17,0.7651
2018-08-20,0.7667
2018-08-21,0.7667
2018-08-22,0.7694
2018-08-23,0.7636
2018-08-24,0.7674
2018-08-27,0.7709
2018-08-28,0.773
2018-08-29,0.7743
2018-08-30,0.77
2018-08-31,0.7666
2018-09-03,0.7637
2018-09-04,0.7586
2018-09-05,0.7589
2018-09-06,0.7602
2018-09-07,0.7596
2018-09-10,0.7597
2018-09-11,0.7655
2018-09-12,0.7691
2018-09-13,0.7692
2018-09-14,0.7663
2018-09-17,0.7658
2018-09-18,0.7708
2018-09-19,0.7737
2018-09-20,0.7747
2018-09-21,0.7738
2018-09-24,0.772
2018-09-25,0.7717
2018-09-26,0.7669
2018-09-27,0.7671
2018-09-28,0.7745
2018-10-01,0.7804
2018-10-02,0.7797
2018-10-03,0.7767
2018-10-04,0.7734
2018-10-05,0.7725
2018-10-08,0.7713
2018-10-09,0.7721
2018-10-10,0.7662
2018-10-11,0.767
2018-10-12,0.7675
2018-10-15,0.7694
2018-10-16,0.7729
2018-10-17,0.7674
2018-10-18,0.7644
2018-10-19,0.7629
2018-10-22,0.7632
2018-10-23,0.764
2018-10-24,0.7664
2018-10-25,0.7646
2018-10-26,0.7628
2018-10-29,0.761
2018-10-30,0.7618
2018-10-31,0.7597
2018-11-01,0.764
2018-11-02,0.7624
2018-11-05,0.7627
2018-11-06,0.7618
2018-11-07,0.7623
2018-11-08,0.7601
2018-11-09,0.7566
2018-11-12,0.7549
2018-11-13,0.7555
2018-11-14,0.7549
2018-11-15,0.7587
2018-11-16,0.76
2018-11-19,0.7591
2018-11-20,0.7513
2018-11-21,0.7554
2018-11-22,0.7577
2018-11-23,0.7553
2018-11-26,0.7545
2018-11-27,0.7519
2018-11-28,0.7532
2018-11-29,0.7528
2018-11-30,0.752
2018-12-03,0.7574
2018-12-04,0.7536
2018-12-05,0.7483
2018-12-06,0.7465
2018-12-07,0.7503
2018-12-10,0.7463
2018-12-11,0.7465
2018-12-12,0.7487
2018-12-13,0.7489
2018-12-14,0.747
2018-12-17,0.7451
2018-12-18,0.7426
2018-12-19,0.7415
2018-12-20,0.7403
2018-12-21,0.7347
2018-12-24,0.7343
2018-12-25,0.7348
2018-12-26,0.7364
2018-12-27,0.7341
2018-12-28,0.733
2018-12-31,0.7322
2019-01-01,0.7334
2019-01-02,0.7326
2019-01-03,0.7416
2019-01-04,0.7475
2019-01-07,0.7519
2019-01-08,0.7531
2019-01-09,0.757
2019-01-10,0.7552
2019-01-11,0.7537
2019-01-14,0.7527
2019-01-15,0.7536
2019-01-16,0.7543
2019-01-17,0.7528
2019-01-18,0.754
2019-01-21,0.7517
2019-01-22,0.7487
2019-01-23,0.749
2019-01-24,0.7485
2019-01-25,0.7566
2019-01-28,0.7539
2019-01-29,0.7533
2019-01-30,0.7601
2019-01-31,0.7614
2019-02-01,0.7635
2019-02-04,0.7621
2019-02-05,0.7615
2019-02-06,0.7565
2019-02-07,0.7514
2019-02-08,0.7525
2019-02-11,0.7513
2019-02-12,0.7553
2019-02-13,0.7535
2019-02-14,0.7517
2019-02-15,0.7547
2019-02-18,0.755
2019-02-19,0.7562
2019-02-20,0.7588
2019-02-21,0.7554
2019-02-22,0.7612
2019-02-25,0.7581
2019-02-26,0.7591
2019-02-27,0.7601
2019-02-28,0.7587
2019-03-01,0.7515
2019-03-04,0.751
2019-03-05,0.7481
2019-03-06,0.744
2019-03-07,0.7428
2019-03-08,0.7453
2019-03-11,0.7463
2019-03-12,0.7486
2019-03-13,0.7522
2019-03-14,0.7497
2019-03-15,0.7496
2019-03-18,0.749
2019-03-19,0.7503
2019-03-20,0.7519
2019-03-21,0.7481
2019-03-22,0.7452
2019-03-25,0.7457
2019-03-26,0.7467
2019-03-27,0.7452
2019-03-28,0.7442
2019-03-29,0.7492
2019-04-01,0.7511
2019-04-02,0.7494
2019-04-03,0.7494
2019-04-04,0.7481
2019-04-05,0.7462
2019-04-08,0.7506
2019-04-09,0.7497
2019-04-10,0.7504
2019-04-11,0.7473
2019-04-12,0.7505
2019-04-15,0.7472
2019-04-16,0.7484
2019-04-17,0.7489
2019-04-18,0.7471
2019-04-19,0.7465
2019-04-22,0.7488
2019-04-23,0.7444
2019-04-24,0.7409
2019-04-25,0.7417
2019-04-26,0.7428
2019-04-29,0.7431
2019-04-30,0.7464
2019-05-01,0.7437
2019-05-02,0.7423
2019-05-03,0.7447
2019-05-06,0.7432
2019-05-07,0.7419
2019-05-08,0.7418
2019-05-09,0.742
2019-05-10,0.7451
2019-05-13,0.7414
2019-05-14,0.7429
2019-05-15,0.7439
2019-05-16,0.7427
2019-05-17,0.7427
2019-05-20,0.7446
2019-05-21,0.7459
2019-05-22,0.7442
2019-05-23,0.742
2019-05-24,0.7437
2019-05-27,0.7436
2019-05-28,0.741
2019-05-29,0.7398
2019-05-30,0.7408
2019-05-31,0.7397
2019-06-03,0.7433
2019-06-04,0.7465
2019-06-05,0.7448
2019-06-06,0.748
2019-06-07,0.7533
2019-06-10,0.7537
2019-06-11,0.7527
2019-06-12,0.7497
2019-06-13,0.7503
2019-06-14,0.7451
2019-06-17,0.7452
2019-06-18,0.7471
2019-06-19,0.7532
2019-06-20,0.7579
2019-06-21,0.7558
2019-06-24,0.7584
2019-06-25,0.7586
2019-06-26,0.7617
2019-06-27,0.7632
2019-06-28,0.7615
2019-07-01,0.7614
2019-07-02,0.763
2019-07-03,0.7657
2019-07-04,0.7662
2019-07-05,0.7643
2019-07-08,0.7633
2019-07-09,0.7613
2019-07-10,0.7647
2019-07-11,0.7651
2019-07-12,0.7669
2019-07-15,0.7663
2019-07-16,0.7641
2019-07-17,0.766
2019-07-18,0.7664
2019-07-19,0.7652
2019-07-22,0.7617
2019-07-23,0.7608
2019-07-24,0.7606
2019-07-25,0.7593
2019-07-26,0.759
2019-07-29,0.7593
2019-07-30,0.7603
2019-07-31,0.7581
2019-08-01,0.7566
2019-08-02,0.757
2019-08-05,0.7567
2019-08-06,0.7527
2019-08-07,0.7513
2019-08-08,0.7555
2019-08-09,0.7557
2019-08-12,0.7549
2019-08-13,0.7562
2019-08-14,0.7505
2019-08-15,0.7508
2019-08-16,0.7532
2019-08-19,0.7499
2019-08-20,0.7506
2019-08-21,0.7522
2019-08-22,0.7519
2019-08-23,0.7527
2019-08-26,0.7545
2019-08-27,0.7526
2019-08-28,0.7513
2019-08-29,0.752
2019-08-30,0.751
2019-09-02,0.7501
2019-09-03,0.7495
2019-09-04,0.7557
2019-09-05,0.7558
2019-09-06,0.7587
2019-09-09,0.7592
2019-09-10,0.7606
2019-09-11,0.7575
2019-09-12,0.7565
2019-09-13,0.7522
2019-09-16,0.7549
2019-09-17,0.7548
2019-09-18,0.7518
2019-09-19,0.7539
2019-09-20,0.7538
2019-09-23,0.7541
2019-09-24,0.7548
2019-09-25,0.7536
2019-09-26,0.7532
2019-09-27,0.7545
2019-09-30,0.7551
2019-10-01,0.7562
2019-10-02,0.7496
2019-10-03,0.7498
2019-10-04,0.7504
2019-10-07,0.7512
2019-10-08,0.7504
2019-10-09,0.7492
2019-10-10,0.7522
2019-10-11,0.7572
2019-10-14,0.7557
2019-10-15,0.7574
2019-10-16,0.7573
2019-10-17,0.7606
2019-10-18,0.7613
2019-10-21,0.7635
2019-10-22,0.7636
2019-10-23,0.7647
2019-10-24,0.7644
2019-10-25,0.7655
2019-10-28,0.7657
2019-10-29,0.7637
2019-10-30,0.7596
2019-10-31,0.7592
2019-11-01,0.7608
2019-11-04,0.76
2019-11-05,0.7603
2019-11-06,0.7579
2019-11-07,0.7589
2019-11-08,0.7554
2019-11-11,0.7556
2019-11-12,0.7554
2019-11-13,0.754
2019-11-14,0.7547
2019-11-15,0.7559
2019-11-18,0.7571
2019-11-19,0.7538
2019-11-20,0.7513
2019-11-21,0.7527
2019-11-22,0.7512
2019-11-25,0.7518
2019-11-26,0.7533
2019-11-27,0.7526
2019-11-28,0.7524
2019-11-29,0.7528
2019-12-02,0.7513
2019-12-03,0.752
2019-12-04,0.7575
2019-12-05,0.7585
2019-12-06,0.7538
2019-12-09,0.7552
2019-12-10,0.7556
2019-12-11,0.7589
2019-12-12,0.7592
2019-12-13,0.7589
2019-12-16,0.7598
2019-12-17,0.7597
2019-12-18,0.7623
2019-12-19,0.7613
2019-12-20,0.76
2019-12-23,0.7605
2019-12-24,0.7591
2019-12-25,0.7595
2019-12-26,0.7625
2019-12-27,0.7641
2019-12-30,0.7653
2019-12-31,0.7695
2020-01-01,0.7699
2020-01-02,0.77
2020-01-03,0.7688
2020-01-06,0.7712
2020-01-07,0.7689
2020-01-08,0.7668
2020-01-09,0.7655
2020-01-10,0.7656
2020-01-13,0.7658
2020-01-14,0.7654
2020-01-15,0.7662
2020-01-16,0.7663
2020-01-17,0.7649
2020-01-20,0.7659
2020-01-21,0.7647
2020-01-22,0.7611
2020-01-23,0.7617
2020-01-24,0.7603
2020-01-27,0.7579
2020-01-28,0.7597
2020-01-29,0.7574
2020-01-30,0.757
2020-01-31,0.7549
2020-02-03,0.7518
2020-02-04,0.7526
2020-02-05,0.7526
2020-02-06,0.7525
2020-02-07,0.7506
2020-02-10,0.7505
2020-02-11,0.7521
2020-02-12,0.754
2020-02-13,0.7532
2020-02-14,0.7541
2020-02-17,0.7554
2020-02-18,0.7542
2020-02-19,0.7559
2020-02-20,0.754
2020-02-21,0.7557
2020-02-24,0.7518
2020-02-25,0.7525
2020-02-26,0.7495
2020-02-27,0.7466
2020-02-28,0.7459
2020-03-02,0.7497
2020-03-03,0.747
2020-03-04,0.7464
2020-03-05,0.7454
2020-03-06,0.7444
2020-03-09,0.7321
2020-03-10,0.7287
2020-03-11,0.726
2020-03-12,0.718
2020-03-13,0.7239
2020-03-16,0.7142
2020-03-17,0.7024
2020-03-18,0.6904
2020-03-19,0.6879
2020-03-20,0.6971
2020-03-23,0.69
2020-03-24,0.6922
2020-03-25,0.7029
2020-03-26,0.7109
2020-03-27,0.7143
2020-03-30,0.7057
2020-03-31,0.7094
2020-04-01,0.7061
2020-04-02,0.7082
2020-04-03,0.7035
2020-04-06,0.707
2020-04-07,0.7131
2020-04-08,0.7129
2020-04-09,0.7146
2020-04-10,0.7162
2020-04-13,0.7198
2020-04-14,0.7202
2020-04-15,0.7081
2020-04-16,0.712
2020-04-17,0.7138
2020-04-20,0.7076
2020-04-21,0.7041
2020-04-22,0.7058
2020-04-23,0.7105
2020-04-24,0.7089
2020-04-27,0.7128
2020-04-28,0.7141
2020-04-29,0.7204
2020-04-30,0.7164
2020-05-01,0.7094
2020-05-04,0.7098
2020-05-05,0.7129
2020-05-06,0.7055
2020-05-07,0.716
2020-05-08,0.7175
2020-05-11,0.7131
2020-05-12,0.7107
2020-05-13,0.7092
2020-05-14,0.7117
2020-05-15,0.7081
2020-05-18,0.7173
2020-05-19,0.7172
2020-05-20,0.7188
2020-05-21,0.7167
2020-05-22,0.714
2020-05-25,0.7148
2020-05-26,0.7251
2020-05-27,0.7266
2020-05-28,0.7256
2020-05-29,0.726
2020-06-01,0.7361
2020-06-02,0.7388
2020-06-03,0.7401
2020-06-04,0.7394
2020-06-05,0.7443
2020-06-08,0.7471
2020-06-09,0.7451
2020-06-10,0.7454
2020-06-11,0.7334
2020-06-12,0.7356
2020-06-15,0.7386
2020-06-16,0.7379
2020-06-17,0.737
2020-06-18,0.7353
2020-06-19,0.7346
2020-06-22,0.7395
2020-06-23,0.7378
2020-06-24,0.7324
2020-06-25,0.7329
2020-06-26,0.73
2020-06-29,0.7322
2020-06-30,0.7362
2020-07-01,0.7356
2020-07-02,0.7368
2020-07-03,0.7375
2020-07-06,0.7384
2020-07-07,0.7344
2020-07-08,0.7395
2020-07-09,0.7359
2020-07-10,0.7349
2020-07-13,0.7347
2020-07-14,0.7351
2020-07-15,0.7398
2020-07-16,0.7359
2020-07-17,0.7357
2020-07-20,0.7389
2020-07-21,0.7431
2020-07-22,0.7453
2020-07-23,0.7462
2020-07-24,0.7452
2020-07-27,0.7492
2020-07-28,0.7471
2020-07-29,0.7492
2020-07-30,0.7447
2020-07-31,0.7449
2020-08-03,0.746
2020-08-04,0.7509
2020-08-05,0.7537
2020-08-06,0.7509
2020-08-07,0.7466
2020-08-10,0.7484
2020-08-11,0.7517
2020-08-12,0.7544
2020-08-13,0.7561
2020-08-14,0.7532
2020-08-17,0.7559
2020-08-18,0.7592
2020-08-19,0.7566
2020-08-20,0.7582
2020-08-21,0.7576
2020-08-24,0.7563
2020-08-25,0.7587
2020-08-26,0.7603
2020-08-27,0.7616
2020-08-28,0.7632
2020-08-31,0.7662
2020-09-01,0.7651
2020-09-02,0.766
2020-09-03,0.7609
2020-09-04,0.7652
2020-09-07,0.7633
2020-09-08,0.7549
2020-09-09,0.7605
2020-09-10,0.7577
2020-09-11,0.758
2020-09-14,0.7583
2020-09-15,0.7583
2020-09-16,0.7588
2020-09-17,0.7592
2020-09-18,0.7567
2020-09-21,0.7511
2020-09-22,0.7515
2020-09-23,0.7471
2020-09-24,0.7484
2020-09-25,0.7465
2020-09-28,0.7474
2020-09-29,0.7463
2020-09-30,0.7504
2020-10-01,0.7523
2020-10-02,0.7511
2020-10-05,0.7535
2020-10-06,0.7508
2020-10-07,0.7534
2020-10-08,0.7571
2020-10-09,0.7617
2020-10-12,0.7624
2020-10-13,0.7608
2020-10-14,0.7602
2020-10-15,0.756
2020-10-16,0.7573
2020-10-19,0.7575
2020-10-20,0.7614
2020-10-21,0.7606
2020-10-22,0.7608
2020-10-23,0.7609
2020-10-26,0.7565
2020-10-27,0.7581
2020-10-28,0.7503
2020-10-29,0.7501
2020-10-30,0.7499
